<?xml version="1.0" encoding="utf-8"?>
<extension version="2.5" type="plugin" group="system" method="upgrade">
	<name>System - smiley</name>
	<author>Tailored Solutions</author>
   	<creationDate>August 2013</creationDate>
	<copyright>Copyright (C) 2012. All rights reserved.</copyright>
   	<license>GNU/GPL</license>
   	<authorEmail>testing.tasol@gmail.com</authorEmail>
   	<authorUrl>www.tasolglobal.com</authorUrl>
   	<version>1.5</version>
	<!-- Files -->
	<files folder="plugin" destination="smiley">
		<filename plugin="smiley">smiley.php</filename>
		<filename plugin="smiley">smiley.xml</filename>
		<filename plugin="smiley">smiley.js</filename>
		<filename plugin="smiley">index.html</filename>
		<folder>smiles</folder>
	</files>
	<languages folder="plugin">
	</languages>
</extension>
